{"cameraMode":{"drawMode":0,"name":"Shaded","section":"Shading Mode"},"sceneLighting":true,"audioPlay":false,"sceneViewState":{"m_AlwaysRefresh":false,"showFog":true,"showSkybox":true,"showFlares":true,"showImageEffects":true,"showParticleSystems":true,"showVisualEffectGraphs":true,"m_FxEnabled":true},"in2DMode":false,"pivot":{"x":17.361984252929689,"y":1.831558108329773,"z":0.3941683769226074},"rotation":{"x":0.2463465929031372,"y":0.10789407789707184,"z":-0.027607589960098268,"w":0.9627639651298523},"size":17.631938934326173,"orthographic":false}