{"cameraMode":{"drawMode":0,"name":"Shaded","section":"Shading Mode"},"sceneLighting":true,"audioPlay":false,"sceneViewState":{"m_AlwaysRefresh":false,"showFog":true,"showSkybox":true,"showFlares":true,"showImageEffects":true,"showParticleSystems":true,"showVisualEffectGraphs":true,"m_FxEnabled":true},"in2DMode":false,"pivot":{"x":17.361984252929689,"y":1.831558108329773,"z":0.3941683769226074},"rotation":{"x":0.24728837609291078,"y":0.06737503409385681,"z":-0.017239835113286973,"w":0.9664446115493774},"size":29.76738166809082,"orthographic":false}